{"cameraMode":{"drawMode":0,"name":"Shaded","section":"Shading Mode"},"sceneLighting":true,"audioPlay":false,"sceneViewState":{"m_AlwaysRefresh":false,"showFog":true,"showSkybox":true,"showFlares":true,"showImageEffects":true,"showParticleSystems":true,"showVisualEffectGraphs":true,"m_FxEnabled":true},"in2DMode":false,"pivot":{"x":-0.10879865288734436,"y":2.1726176738739015,"z":-5.894085884094238},"rotation":{"x":-0.2582252323627472,"y":0.02955402433872223,"z":-0.007903456687927246,"w":-0.9656009674072266},"size":1.8636739253997803,"orthographic":false}