{"cameraMode":{"drawMode":0,"name":"Shaded","section":"Shading Mode"},"sceneLighting":false,"audioPlay":false,"sceneViewState":{"m_AlwaysRefresh":false,"showFog":true,"showSkybox":false,"showFlares":true,"showImageEffects":true,"showParticleSystems":true,"showVisualEffectGraphs":true,"m_FxEnabled":true},"in2DMode":false,"pivot":{"x":0.611422061920166,"y":0.7533184289932251,"z":-2.4713170528411867},"rotation":{"x":0.07299904525279999,"y":0.1904083490371704,"z":0.01403633039444685,"w":-0.9790389537811279},"size":1.3881367444992066,"orthographic":false}