{"cameraMode":{"drawMode":0,"name":"Shaded","section":"Shading Mode"},"sceneLighting":true,"audioPlay":false,"sceneViewState":{"m_AlwaysRefresh":false,"showFog":true,"showSkybox":true,"showFlares":true,"showImageEffects":true,"showParticleSystems":true,"showVisualEffectGraphs":true,"m_FxEnabled":true},"in2DMode":false,"pivot":{"x":-58.47922134399414,"y":115.57429504394531,"z":-15.23992919921875},"rotation":{"x":0.10778646916151047,"y":-0.00835498608648777,"z":0.0009058136492967606,"w":0.9941394925117493},"size":403.56256103515627,"orthographic":false}