{"cameraMode":{"drawMode":0,"name":"Shaded","section":"Shading Mode"},"sceneLighting":true,"audioPlay":false,"sceneViewState":{"m_AlwaysRefresh":false,"showFog":true,"showSkybox":true,"showFlares":true,"showImageEffects":true,"showParticleSystems":true,"showVisualEffectGraphs":true,"m_FxEnabled":true},"in2DMode":false,"pivot":{"x":0.870309591293335,"y":0.5084127187728882,"z":-15.354846000671387},"rotation":{"x":0.024721182882785798,"y":0.8876329660415649,"z":-0.4573807418346405,"w":0.04797523841261864},"size":3.906118631362915,"orthographic":true}