{"cameraMode":{"drawMode":0,"name":"Shaded","section":"Shading Mode"},"sceneLighting":true,"audioPlay":false,"sceneViewState":{"m_AlwaysRefresh":false,"showFog":true,"showSkybox":true,"showFlares":true,"showImageEffects":true,"showParticleSystems":true,"showVisualEffectGraphs":true,"m_FxEnabled":true},"in2DMode":false,"pivot":{"x":0.06445074081420899,"y":4.117517948150635,"z":-8.601579666137696},"rotation":{"x":-0.12779825925827027,"y":0.3716074526309967,"z":-0.05172668397426605,"w":-0.9181041121482849},"size":0.8660253882408142,"orthographic":false}