{"cameraMode":{"drawMode":0,"name":"Shaded","section":"Shading Mode"},"sceneLighting":true,"audioPlay":false,"sceneViewState":{"m_AlwaysRefresh":false,"showFog":true,"showSkybox":true,"showFlares":true,"showImageEffects":true,"showParticleSystems":true,"showVisualEffectGraphs":true,"m_FxEnabled":true},"in2DMode":false,"pivot":{"x":-1.3302693367004395,"y":16.413524627685548,"z":-13.243476867675782},"rotation":{"x":-0.0027743373066186907,"y":0.9839397668838501,"z":-0.17782744765281678,"w":-0.01535075157880783},"size":6.133294105529785,"orthographic":true}