{"cameraMode":{"drawMode":0,"name":"Shaded","section":"Shading Mode"},"sceneLighting":true,"audioPlay":false,"sceneViewState":{"m_AlwaysRefresh":false,"showFog":true,"showSkybox":true,"showFlares":true,"showImageEffects":true,"showParticleSystems":true,"showVisualEffectGraphs":true,"m_FxEnabled":true},"in2DMode":false,"pivot":{"x":31.44224739074707,"y":-10.711747169494629,"z":-130.65098571777345},"rotation":{"x":-0.005041117314249277,"y":-0.9925935864448547,"z":0.04410174489021301,"w":-0.11366254836320877},"size":71.46277618408203,"orthographic":false}