{"cameraMode":{"drawMode":0,"name":"Shaded","section":"Shading Mode"},"sceneLighting":true,"audioPlay":false,"sceneViewState":{"m_AlwaysRefresh":false,"showFog":true,"showSkybox":true,"showFlares":true,"showImageEffects":true,"showParticleSystems":true,"showVisualEffectGraphs":true,"m_FxEnabled":true},"in2DMode":false,"pivot":{"x":-1.4807326793670655,"y":16.680809020996095,"z":-48.20049285888672},"rotation":{"x":-0.00002004147245315835,"y":0.999860942363739,"z":-0.01679934561252594,"w":-0.0011998388217762113},"size":1.002229928970337,"orthographic":true}