{"cameraMode":{"drawMode":0,"name":"Shaded","section":"Shading Mode"},"sceneLighting":true,"audioPlay":false,"sceneViewState":{"m_AlwaysRefresh":false,"showFog":true,"showSkybox":true,"showFlares":true,"showImageEffects":true,"showParticleSystems":true,"showVisualEffectGraphs":true,"m_FxEnabled":true},"in2DMode":false,"pivot":{"x":0.5540533065795898,"y":-0.4026866555213928,"z":0.8863940238952637},"rotation":{"x":0.007768623530864716,"y":0.9890504479408264,"z":-0.1361524909734726,"w":0.056435391306877139},"size":3.198638677597046,"orthographic":false}