{"cameraMode":{"drawMode":0,"name":"Shaded","section":"Shading Mode"},"sceneLighting":true,"audioPlay":false,"sceneViewState":{"m_AlwaysRefresh":false,"showFog":true,"showSkybox":true,"showFlares":true,"showImageEffects":true,"showParticleSystems":true,"showVisualEffectGraphs":true,"m_FxEnabled":true},"in2DMode":false,"pivot":{"x":-1.5295019149780274,"y":16.69822120666504,"z":-44.12237548828125},"rotation":{"x":0.0009307559230364859,"y":-0.9989873766899109,"z":0.037788938730955127,"w":0.02458718977868557},"size":3.4238173961639406,"orthographic":false}