{"cameraMode":{"drawMode":0,"name":"Shaded","section":"Shading Mode"},"sceneLighting":true,"audioPlay":false,"sceneViewState":{"m_AlwaysRefresh":false,"showFog":true,"showSkybox":true,"showFlares":true,"showImageEffects":true,"showParticleSystems":true,"showVisualEffectGraphs":true,"m_FxEnabled":true},"in2DMode":false,"pivot":{"x":-1.2831140756607056,"y":13.602418899536133,"z":-52.86117935180664},"rotation":{"x":0.0077309622429311279,"y":0.979671835899353,"z":-0.1968654990196228,"w":0.038525454699993137},"size":4.356560230255127,"orthographic":false}