{"cameraMode":{"drawMode":0,"name":"Shaded","section":"Shading Mode"},"sceneLighting":true,"audioPlay":false,"sceneViewState":{"m_AlwaysRefresh":false,"showFog":true,"showSkybox":true,"showFlares":true,"showImageEffects":true,"showParticleSystems":true,"showVisualEffectGraphs":true,"m_FxEnabled":true},"in2DMode":false,"pivot":{"x":-0.8142697215080261,"y":8.041101455688477,"z":-17.565000534057618},"rotation":{"x":0.07970098406076431,"y":-0.025109432637691499,"z":0.002009677467867732,"w":0.9965212941169739},"size":1.3330132961273194,"orthographic":false}