{"cameraMode":{"drawMode":0,"name":"Shaded","section":"Shading Mode"},"sceneLighting":true,"audioPlay":false,"sceneViewState":{"m_AlwaysRefresh":false,"showFog":true,"showSkybox":true,"showFlares":true,"showImageEffects":true,"showParticleSystems":true,"showVisualEffectGraphs":true,"m_FxEnabled":true},"in2DMode":false,"pivot":{"x":2.6773338317871095,"y":0.2573261260986328,"z":-6.4648308753967289},"rotation":{"x":0.276859313249588,"y":0.7142449021339417,"z":-0.38309308886528017,"w":0.5161879658699036},"size":12.256240844726563,"orthographic":false}