{"cameraMode":{"drawMode":0,"name":"Shaded","section":"Shading Mode"},"sceneLighting":true,"audioPlay":false,"sceneViewState":{"m_AlwaysRefresh":false,"showFog":true,"showSkybox":true,"showFlares":true,"showImageEffects":true,"showParticleSystems":true,"showVisualEffectGraphs":true,"m_FxEnabled":true},"in2DMode":false,"pivot":{"x":-0.045269258320331576,"y":1.1155674457550049,"z":-9.147346496582032},"rotation":{"x":-0.08212945610284805,"y":0.11840856075286865,"z":-0.009827925823628903,"w":-0.9895153045654297},"size":0.8500093817710877,"orthographic":false}