{"cameraMode":{"drawMode":0,"name":"Shaded","section":"Shading Mode"},"sceneLighting":false,"audioPlay":false,"sceneViewState":{"m_AlwaysRefresh":false,"showFog":true,"showSkybox":false,"showFlares":true,"showImageEffects":true,"showParticleSystems":true,"showVisualEffectGraphs":true,"m_FxEnabled":true},"in2DMode":false,"pivot":{"x":8.940696716308594e-8,"y":-0.07478934526443482,"z":-11.878016471862793},"rotation":{"x":-0.00039335532346740365,"y":0.9989374279975891,"z":-0.04529264196753502,"w":-0.008690268732607365},"size":8.802740097045899,"orthographic":false}