{"cameraMode":{"drawMode":0,"name":"Shaded","section":"Shading Mode"},"sceneLighting":true,"audioPlay":false,"sceneViewState":{"m_AlwaysRefresh":false,"showFog":true,"showSkybox":true,"showFlares":true,"showImageEffects":true,"showParticleSystems":true,"showVisualEffectGraphs":true,"m_FxEnabled":true},"in2DMode":false,"pivot":{"x":-0.2032952904701233,"y":0.20225811004638673,"z":3.743699073791504},"rotation":{"x":0.10358114540576935,"y":-0.028347665444016458,"z":0.002953166840597987,"w":0.9942160844802856},"size":5.001326560974121,"orthographic":false}