{"cameraMode":{"drawMode":0,"name":"Shaded","section":"Shading Mode"},"sceneLighting":true,"audioPlay":false,"sceneViewState":{"m_AlwaysRefresh":false,"showFog":true,"showSkybox":false,"showFlares":true,"showImageEffects":true,"showParticleSystems":true,"showVisualEffectGraphs":true,"m_FxEnabled":true},"in2DMode":false,"pivot":{"x":8.287363052368164,"y":8.526094436645508,"z":-149.62998962402345},"rotation":{"x":0.0032302364706993105,"y":0.9967125654220581,"z":-0.05118608474731445,"w":0.06317831575870514},"size":36.31243896484375,"orthographic":false}